ID,Titre,Acronyme,source,Classement,dblp,hasData,domaine,commentaires,notes
2174," Asian Conference on Machine Learning",ACML,CORE2020,Unranked,No,4611,,
2172, International Conference on Advanced Communications and Computation,INFOCOMP,CORE2020,Unranked,Yes,46,,
2189," International Conference on Ambient Systems, Networks and Technologies",ANT,CORE2020,Unranked,Yes,4606,,
9,"ACIS Conference on Software Engineering Research, Management and Applications",SERA,CORE2020,C,No,4612,,
11,"ACM Conference on Applications, Technologies, Architectures, and Protocols for Computer Communication",SIGCOMM,CORE2020,A*,No,4606,,
12,ACM Conference on Computer and Communications Security,CCS,CORE2020,A*,Yes,4604,,
13,ACM Conference on Computer Supported Cooperative Work,CSCW,CORE2020,A,No,4608,,
14,ACM Conference on Economics and Computation,EC,CORE2020,A*,Yes,4602,4613,
15,ACM Conference on Embedded Networked Sensor Systems,SENSYS,CORE2020,A*,Yes,4606,,
16,ACM Conference on Embedded Software,EMSOFT,CORE2020,A,No,4606,,
18,ACM Conference on Object Oriented Programming Systems Languages and Applications,OOPSLA,CORE2020,A*,Yes,4612,,
21,ACM Information Technology Education,SIGITE,CORE2020,National: USA,No,4608,,
23,"ACM International Conference on Advances in Computer Entertainment (merged with DIMEA, Digital Interactive Media in Entertainment and Arts, in 2009)",ACE,CORE2020,B,No,4607,,
22,ACM International Conference on Advances in Geographic Information Systems,SIGSPATIAL,CORE2020,National: USA,Yes,4601,,
24,ACM International Conference on Emerging Networking Experiments and Technologies,CoNEXT,CORE2020,A,No,4606,,
25,ACM International Conference on Information and Knowledge Management,CIKM,CORE2020,A,Yes,4605,4602,
1488,ACM International Conference on Interactive Surfaces and Spaces (was International Workshop on Horizontal Interactive Human-Computer Systems: Tabletop),ISS,CORE2020,A,Yes,4608,,
26,ACM International Conference on Knowledge Discovery and Data Mining,KDD,CORE2020,A*,No,4605,,
27,ACM International Conference on Mobile Computing and Networking,MOBICOM,CORE2020,A*,No,4606,,
28,ACM International Conference on Recommender Systems,RecSys,CORE2020,B,Yes,4605,,
29,ACM International Conference on Research and Development in Information Retrieval,SIGIR,CORE2020,A*,Yes,4605,,
30,ACM International Conference on Supercomputing,ICS,CORE2020,A,Yes,4606,,
31,ACM International Conference on Web Search and Data Mining,WSDM,CORE2020,A*,Yes,4605,,
1825,ACM International Joint Conference on Pervasive and Ubiquitous Computing (PERVASIVE and UbiComp combined from 2013),UbiComp,CORE2020,A*,No,4608,,
32,ACM International Symposium on Computer Architecture,ISCA,CORE2020,A*,No,4612,,
33,ACM International Symposium on High Performance Distributed Computing,HPDC,CORE2020,A,No,4606,,
34,ACM International Wireless Communications and Mobile Computing Conference,IWCMC,CORE2020,B,Yes,4606,,
37,ACM Multimedia,ACMMM,CORE2020,A*,No,4603,,
38,ACM SIG International Conference on Computer Graphics and Interactive Techniques,SIGGRAPH,CORE2020,A*,No,4607,,
42,ACM SIGGRAPH/Eurographics Symposium on Computer Animation,SCA,CORE2020,B,No,4607,,
45,"ACM SIGMOBILE International Conference on Mobile Systems, Applications and Services",Mobisys,CORE2020,B,No,4606,,
46,ACM SIGMOD-SIGACT-SIGART Conference on Principles of Database Systems,PODS,CORE2020,A*,No,4605,,
48,ACM SIGOPS Symposium on Operating Systems Principles,SOSP,CORE2020,A*,No,4606,,
49,"ACM SIGPLAN Conference on Languages, Tools, and Compilers for Embedded Systems",LCTES,CORE2020,A,No,4606,,
50,ACM SIGPLAN Workshop on Partial Evaluation and Program Manipulation,PEPM,CORE2020,B,No,4612,,
78,ACM SIGSIM Conference on Principles of Advanced Discrete Simulation (was Parallel and Distributed Simulation),PADS,CORE2020,B,No,4606,,
54,ACM SIGUCCS Conference on User Services,SIGUCCS,CORE2020,National: USA,No,0899,,
55,ACM Special Interest Group on Computer Science Education Conference,SIGCSE,CORE2020,A,No,4608,,
56,ACM Special Interest Group on Management of Data Conference,SIGMOD,CORE2020,A*,No,4605,,
1775,"ACM Symposium on Access Control Models and Technologies (previously ACM Workshop on Role-Based Access Control, RBAC, changed in 2000)",SACMAT,CORE2020,C,No,4604,,
59,ACM Symposium on Applied Computing,SAC,CORE2020,B,No,4601,,
2003,ACM Symposium on Document Engineering,DocEng,CORE2020,B,Yes,4605,,
58,ACM Symposium on Mobile Ad Hoc Networking and Computing,MOBIHOC,CORE2020,A,No,4606,,
63,ACM Symposium on Principles of Distributed Computing,PODC,CORE2020,A*,No,4606,,
2137,ACM Symposium on Software Reusability ,SSR,CORE2020,A,No,4612,,
64,ACM Symposium on Solid and Physical Modelling,SPM,CORE2020,B,No,4607,,
65,ACM Symposium on Theory of Computing,STOC,CORE2020,A*,No,4613,,
66,ACM Symposium on User Interface Software and Technology,UIST,CORE2020,A,No,4608,,
67,ACM Virtual Reality Software and Technology,VRST,CORE2020,A,Yes,4607,,
69,ACM Workshop on Hot Topics in Networks,HOTNETS,CORE2020,National: USA,No,4606,,
82,ACM-SIGACT Symposium on Principles of Programming Languages,POPL,CORE2020,A*,No,4612,,
84,ACM-SIGPLAN Conference on Programming Language Design and Implementation,PLDI,CORE2020,A*,No,4612,,
85,ACM-SIGRAPH Interactive 3D Graphics and Games,I3DG,CORE2020,B,Yes,4607,,
75,ACM/IEEE International Conference on Distributed Smart Cameras,ICDSC,CORE2020,B,No,4606,,
76,"ACM/IEEE International Conference on Modelling, Analysis and Simulation of Wireless and Mobile Systems",MSWIM,CORE2020,A,No,4606,,
79,ACM/IFIP/USENIX International Middleware Conference,Middleware,CORE2020,A,No,4606,,
80,ACM/SIAM Symposium on Discrete Algorithms,SODA,CORE2020,A*,No,4613,,
86,ACS/IEEE International Conference on Computer Systems and Applications,AICCSA,CORE2020,C,No,46,,
89,Advanced Concepts for Intelligent Vision Systems,ACIVS,CORE2020,B,Yes,4603,,
93,Advanced Visual Interfaces,AVI,CORE2020,B,No,4608,,
94,Advances in Cryptology,CRYPTO,CORE2020,A*,No,4604,,
97,Advances in Modal Logic,AiML,CORE2020,A,No,4613,,
98,Advances in Neural Information Processing Systems,NIPS,CORE2020,A*,No,4611,,
106,Algorithmic Learning Theory,ALT,CORE2020,B,Yes,4611,,
108,Algorithms and Data Structures Symposium (was Workshop on Algorithms and Data Structures),WADS,CORE2020,B,Yes,4613,,
1968,American Medical Informatics Annual Fall Symposium,AMIA,CORE2020,National: USA,No,4601,,
117,Annual Computer Security Applications Conference,ACSAC,CORE2020,National: usa,No,4601,,
120,Annual Conference of the Cognitive Science Society,CogSci,CORE2020,A,No,4602,,
1995,Annual Conference on Computer Science Logic,CSL,CORE2020,B,No,4613,,
126,Annual Conference on Innovation and Technology in Computer Science Education,ITiCSE,CORE2020,A,No,4601,,
127,"Annual Conference on Privacy, Security and Trust",PST,CORE2020,C,No,4604,,
132,Annual International Workshop on Presence,ISPR,CORE2020,B,No,4607,,
135,Annual PPIG Workshop,PPIG,CORE2020,B,No,4608,4612,
142,Application of Concurrency to System Design,ACSD,CORE2020,B,No,4606,,
143,Applications of Information Visualization,IV-App,CORE2020,C,No,4608,,
144,Applications of Natural Language to Data Bases,NLDB,CORE2020,C,No,4602,4605,
145,Applied Computing Conference,ACC,CORE2020,C,No,4601,,
147,Architectural Support for Programming Languages and Operating Systems,ASPLOS,CORE2020,A*,No,4612,4606,
2186,Artificial Intelligence Applications and Innovations,AIAI,CORE2020,Regional,Yes,4601,4602,
151,Artificial Intelligence in Medicine in Europe,AIME,CORE2020,B,Yes,4601,,
917,"ArtsIT, Interactivity & Game Creation (was International Conference on Arts and Technology)",ArtsIT,CORE2020,C,No,4607,,
162,Asia and South Pacific Design Automation Conference,ASPDAC,CORE2020,C,No,4606,,
61,"Asia Conference on Information, Computer and Communications Security",AsiaCCS,CORE2020,B,No,4604,,
156,Asia Information Retrieval Symposium,AIRS,CORE2020,C,Yes,4605,,
159,Asia Pacific Conference on Communications,APCC,CORE2020,B,No,4606,,
240,Asia Pacific Symposium on Intelligent and Evolutionary Systems (was Australia-Japan Joint Workshop on  Intelligent and Evolutionary Systems),IES,CORE2020,C,Yes,4602,,
175,Asia-Pacific Bioinformatics Conference,APBC,CORE2020,B,No,4601,,
178,Asia-Pacific Conference on Conceptual Modelling,APCCM,CORE2020,Australasian B,No,4605,,
181,Asia-Pacific Conference on Simulated Evolution and Learning,SEAL,CORE2020,B,No,4611,,
184,Asia-Pacific Network Operations and Management Symposium,APNOMS,CORE2020,C,No,4606,,
185,Asia-Pacific Services Computing Conference,APSCC,CORE2020,C,Yes,4606,,
186,Asia-Pacific Software Engineering Conference,APSEC,CORE2020,B,Yes,4612,,
167,Asian Conference on Computer Vision,ACCV,CORE2020,B,No,4603,,
2188,Asian Conference on Intelligent Information and Database Systems,ACIIDS,CORE2020,Unranked,Yes,4605,4602,
171,ASIAN Symposium on Programming Languages and Systems,APLAS,CORE2020,B,Yes,4612,,
189,"Asilomar Conference on Signals, Systems and Computing",ACSSC,CORE2020,National: USA,No,4606,,
193,Association for Computer-Aided Architectural Design Research in Asia (CAADRIA) annual conference,CAADRIA,CORE2020,B,No,4601,,
196,Association of Computational Linguistics,ACL,CORE2020,A*,No,4602,,
211,Australasian Computing Education Conference (ACE),ACE,CORE2020,Australasian B,Yes,4608,,
210,Australasian Conference on Combinatorial Mathematics and Combinatorial Computing,ACCMCC,CORE2020,Australasian C,Yes,4613,,
212,Australasian Conference on Information Security and Privacy,ACISP,CORE2020,Australasian B,Yes,4604,,
216,Australasian Conference on Robotics and Automation,ACRA,CORE2020,Australasian C,Yes,4602,4603,
219,Australasian Database Conference,ADC,CORE2020,Australasian B,Yes,4605,,
1954,Australasian Document Computing Symposium,ADCS,CORE2020,Australasian B,Yes,4605,,
222,Australasian Information Security Conference,AISC,CORE2020,Australasian B,Yes,4604,,
224,Australasian Joint Conference on Artificial Intelligence,AI,CORE2020,Australasian C,Yes,4602,4611,4603
1966,Australasian Language Techology Workshop,ALTA,CORE2020,Australasian B,Yes,4602,,
229,Australasian Speech Science and Technology,SST,CORE2020,Australasian C,Yes,4602,,
231,Australasian Symposium on Parallel and Distributed Computing (was AusGrid),AusPDC,CORE2020,Australasian C,Yes,4606,,
247,Australian Computer Human Interaction Conference,OZCHI,CORE2020,Australasian B,Yes,4608,,
249,Australian Conference on Artificial Life and Computational Intelligence,ACALCI,CORE2020,Australasian B,Yes,4602,,
253,Australian Data Mining Conference,AusDM,CORE2020,Australasian B,Yes,4605,,
261,Australian Institute of Computer Ethics Conference,AICE,CORE2020,Australasian C,Yes,4608,,
266,Australian Software Engineering Conference,ASWEC,CORE2020,Australasian B,Yes,4612,,
279,Automated Software Engineering Conference,ASE,CORE2020,A,Yes,4612,,
281,Automation of Software Test,AST,CORE2020,C,No,4612,,
288,Body Sensor Networks,BSN,CORE2020,C,No,4601,,
294,British Computer Society Conference on Human-Computer Interaction,HCI,CORE2020,National,Yes,4608,,
319,Cologne-Twente Workshop on Graphs and Combinatorial Optimization,CTW,CORE2020,C,No,4613,,
321,Combinatorial Pattern Matching,CPM,CORE2020,B,No,4603,,
326,Computability in Europe: Logic and Theory of Algorithms,CiE,CORE2020,C,No,4613,,
327,Computational Intelligence in Security for Information Systems,CISIS,CORE2020,National: Spain,No,4604,,
331,Computer Aided Verification,CAV,CORE2020,A*,Yes,4612,,
333,"Computer Animation, Information Visualisation, and Digital Effects",CAivDE,CORE2020,C,No,4607,,
335,Computer Graphics International,CGI,CORE2020,B,No,4607,,
337,Computer Supported Collaborative Learning,CSCL,CORE2020,A,Yes,4608,,
345,Conference for the International Simulation and Gaming Association,ISAGA,CORE2020,C,No,4607,,
346,Conference in Uncertainty in Artificial Intelligence,UAI,CORE2020,A*,Yes,4602,,
348,Conference of the Association for Machine Translation in the Americas,AMTA,CORE2020,B,No,4602,,
349,Conference of the Association of Asian-Pacific Operational Research Societies,APORS,CORE2020,C,No,4602,,
352,Conference of the European Association for Machine Translation,EAMT,CORE2020,B,No,4602,,
354,Conference of the Pacific Association for Computational Linguistics,PACLING,CORE2020,B,No,4602,,
355,Conference on Agile Software Development,XP,CORE2020,B,No,4612,,
356,Conference on Algorithmic Aspects in Information and Management,AAIM,CORE2020,C,No,4613,,
361,Conference on Combinatorial Optimization and Applications,COCOA,CORE2020,B,No,4602,,
371,Conference on Computational Natural Language Learning,CoNLL,CORE2020,A,No,4611,,
1839,Conference on File and Storage Technologies,FAST,CORE2020,A,No,4605,,
365,Conference on Fun with Algorithms,FUN,CORE2020,National: Italy,No,4613,4605,
732,Conference on Games (was Computational Intelligence and Games CIG),COG,CORE2020,C,No,4607,,
368,Conference on Information Sciences and Systems,CISS,CORE2020,National: USA,No,4606,,
2201,"Conference on Innovation in Clouds, Internet and Networks",ICIN,CORE2020,National: France,Yes,4606,,
369,Conference on Innovative Data Systems Research,CIDR,CORE2020,A,No,4605,,
370,Conference on Integer Programming and Combinatorial Optimization,IPCO,CORE2020,A,Yes,4613,,
1245,"Conference on Interactive Theorem Proving (previously TPHOLs, changed in 2009)",ITP,CORE2020,A,No,4613,,
124,Conference on Learning Theory,COLT,CORE2020,A*,No,4611,4602,
378,Conference on Security and Cryptography for Networks,SCN,CORE2020,National: Italy,No,4604,,
380,"Conference on Software Engineering Education and Training (previously Conference is Software Engineering Education, CSEE, changed in 1997)",CSEET,CORE2020,C,No,4608,,
381,Conference on Software in Telecommunications and Computer Networks,SOFTCOM,CORE2020,National: Croatia,No,4606,,
384,Conference on Theory and Applications of Models of Computation,TAMC,CORE2020,B,No,4613,,
385,Conference on Visualization and Data Analysis,VDA,CORE2020,National: USA,No,4608,,
398,"Cooperative Design, Visualization, and Engineering",CDVE,CORE2020,C,No,4608,,
407,Current Trends in Theory and Practice of Computer Science,SOFSEM,CORE2020,B,No,46,,
408,Data Compression Conference,DCC,CORE2020,A*,No,4605,,
410,Data Warehousing and Knowledge Discovery,DaWaK,CORE2020,B,No,4605,,
412,Database Programming Languages,DBPL,CORE2020,B,No,4605,,
421,"Design, Automation and Test in Europe Conference",DATE,CORE2020,B,No,4612,,
422,Designing Interactive Systems,DIS,CORE2020,B,No,4608,,
2177,Developments in eSystems Engineering,DeSE,CORE2020,C,Yes,46,,
425,Developments in Language Theory,DLT,CORE2020,B,No,4613,,
1997,Digital Audio Effects Conference,DAFX,CORE2020,B,No,4603,,
427,Digital Games Research Conference,DIGRA,CORE2020,C,No,4607,,
428,Digital Image Computing Techniques and Applications,DICTA,CORE2020,Australasian B,No,4603,,
2191,Discovery Science,DS,CORE2020,Unranked,Yes,4613,,
1324,DNA Computing and Molecular Programming,DNA,CORE2020,B,No,4601,,
439,Dynamic Languages Symposium,DLS,CORE2020,B,No,4612,,
446,Educational Data Mining,EDM,CORE2020,B,No,4601,,
2159,"EMAS (merger of DALT, AOSE and PROMAS)",EMAS,CORE2020,B,Yes,4602,,
448,Empirical Methods in Natural Language Processing,EMNLP,CORE2020,A,No,4602,,
2193,Engineering Interactive Computing Systems,EICS,CORE2020,Unranked,Yes,4608,4612,
456,Ershov Conference,PSI,CORE2020,National: Russia,No,08,,
457,ETHICOMP Conference,ETHICOMP,CORE2020,B,No,4608,,
2170,EURO AMERICAN CONFERENCE ON TELEMATICS AND INFORMATION SYSTEMS,EATIS,CORE2020,C,Yes,4606,4608,
458,Euro Virtual Reality,Euro VR,CORE2020,C,No,4607,,
459,"EuroConference on Combinatorics, Graph Theory and Applications",EUroComb,CORE2020,C,No,4613,,
460,Eurographics Symposium on Parallel Graphics and Visualization,EGPGV,CORE2020,B,No,4607,,
462,Eurographics/IEEE Symposium on Visualization,EuroVis,CORE2020,B,No,4607,4608,
463,Euromicro Conference on Real-Time Systems,ECRTS,CORE2020,A,No,4606,,
464,Euromicro Conference on Software Engineering and Advanced Applications,SEAA,CORE2020,B,No,4612,4601,
465,"Euromicro International Conference on Parallel, Distributed and Network Based Processing",PDP,CORE2020,C,No,4606,,
468,European Association of Computational Linguistics,EACL,CORE2020,A,No,4602,,
469,European Chapter on Combinatorial Optimization,ECCO,CORE2020,C,No,4613,,
472,European Conference on Ambient Intelligence,AmI,CORE2020,C,No,4606,4608,4602
473,European Conference on Artificial Intelligence,ECAI,CORE2020,A,No,4602,4603,4611
475,European Conference on Computational Biology,ECCB,CORE2020,B,No,4601,,
478,European Conference on Computer Supported Cooperative Work,ECSCW,CORE2020,B,No,4608,,
479,European Conference on Computer Vision,ECCV,CORE2020,A,No,4603,,
480,European Conference on Digital Government (was European Conference on e-Government ECEG),ECDG,CORE2020,C,Yes,4601,,
2195,European Conference on Evolutionary Computation in Combinatorial Optimisation,EvoCOP,CORE2020,Unranked,Yes,4602,,
481,European Conference on Genetic Programming,EUROGP,CORE2020,B,No,4602,,
483,European Conference on Information Retrieval,ECIR,CORE2020,A,Yes,4605,,
491,European Conference on Machine Learning and Principles and Practice of Knowledge Discovery in Database (PKDD and ECML combined from 2008),ECML PKDD,CORE2020,A,Yes,4611,,
488,European Conference on Object-Oriented Programming,ECOOP,CORE2020,A,Yes,4612,,
489,European Conference on Operations Research,EURO,CORE2020,C,No,4602,,
490,European Conference on Pattern Languages of Programs,EuroPLop,CORE2020,National: Germany,No,4612,,
2165,European Conference on Software Architecture,ECSA,CORE2020,A,Yes,4612,,
495,European Conference on Symbolic and Quantitative Approaches to Reasoning with Uncertainty,ECSQARU,CORE2020,C,No,4602,,
2192,European Dependable Computing Conference,EDCC,CORE2020,Unranked,Yes,4604,4612,4606
505,European MPI Users' Group Conference,EuroMPI,CORE2020,C,No,4606,,
52,"European Software Engineering Conference and the ACM SIGSOFT Symposium on the Foundations of Software Engineering (duplicate was listed as ESEC, removed from DB)",ESEC/FSE,CORE2020,A*,Yes,4612,,
510,European SPI,EuroSPI,CORE2020,B,Yes,4612,,
511,European Symposium on Algorithms,ESA,CORE2020,A,No,4613,,
512,European Symposium on Artificial Neural Networks,ESANN,CORE2020,B,No,4611,,
514,European Symposium on Programming,ESOP,CORE2020,A,No,4612,,
515,European Symposium On Research In Computer Security,ESORICS,CORE2020,A,No,4604,,
519,European Workshop on Computational Geometry,EuroCG,CORE2020,C,No,4613,,
521,European Workshop on Multi-Agent Systems,EUMAS,CORE2020,C,No,4602,,
524,European-Japanese Conference on Information Modelling and Knowledge Bases,EJC,CORE2020,C,No,4605,,
525,Eurosys Conference,EuroSys,CORE2020,A,No,4606,,
527,Exploring Modelling Methods in Systems Analysis and Design,EMMSAD,CORE2020,C,No,4612,,
2021,Extended Semantic Web Conference (was European Semantic Web Conference),ESWC,CORE2020,A,Yes,4605,,
528,Extending Database Technology,EDBT,CORE2020,A,No,4605,,
533,Financial Cryptography and Data Security Conference,FC,CORE2020,B,Yes,4604,,
537,Flexible Query-Answering Systems,FQAS,CORE2020,C,No,4605,,
2196,Formal Methods in Computer-Aided Design,FMCAD,CORE2020,Unranked,Yes,4612,,
544,Forum on Specification and Design Languages,FDL,CORE2020,C,No,4612,,
546,Foundations of Genetic Algorithms,FOGA,CORE2020,A*,No,4602,,
547,Foundations of Software Science and Computational Structures,FOSSACS,CORE2020,A,Yes,4612,818,
548,Foundations of Software Technology and Theoretical Computer Science,FST&TCS,CORE2020,B,Yes,4613,,
2027,Frontiers in Education,FIE,CORE2020,B,No,4608,,
554,Fundamental Approaches to Software Engineering,FASE,CORE2020,B,Yes,4612,,
556,Genetic and Evolutionary Computations,GECCO,CORE2020,A,No,4602,,
560,Geometry Modeling and Processing,GMP,CORE2020,B,No,4613,4607,
565,"GI International Conference on Detection of Intrusions and Malware, and Vulnerability Assessment",DIMVA,CORE2020,C,Yes,4604,,
572,Graph Drawing,GD,CORE2020,A,No,4613,,
573,Graphics Interface,GI,CORE2020,B,No,4607,,
574,Haskell Workshop,HASKELL,CORE2020,C,No,4612,,
2198,HCist - International Conference on Health and Social Care Information Systems and Technologies,HCist,CORE2020,Unranked,Yes,4601,,
576,Health Informatics Conference,HIC,CORE2020,Australasian C,Yes,4601,,
579,Heterogeneity in Computing Workshop,HCW,CORE2020,B,No,4606,,
584,Human System Interaction,HSI,CORE2020,C,No,4608,,
2215,Human-Agent Interaction,HAI,CORE2020,Unranked,Yes,4608,,
2036,IADIS International Conference Applied Computing,IADIS AC ,CORE2020,C,No,4601,,
592,IberoAmerican Congress on Pattern Recognition,CIARP,CORE2020,C,Yes,4603,4611,
595,IEEE Automatic Speech Recognition and Understanding Workshop,ASRU,CORE2020,C,No,4602,,
596,IEEE Bioinformatics and Bioengineering,BIBE,CORE2020,C,No,4601,,
599,IEEE Computer Security Foundations Symposium (was CSFW),CSF,CORE2020,A,Yes,4604,,
2184,IEEE Conference on Cognitive and Computational Aspects of Situation Management ,CogSIMA,CORE2020,National:USA,Yes,4606,,
602,IEEE Conference on Computational Complexity,CCC,CORE2020,A,Yes,4613,,
604,IEEE Conference on Computer Vision and Pattern Recognition,CVPR,CORE2020,A*,Yes,4603,,
607,IEEE Conference on Local Computer Networks,LCN,CORE2020,A,No,4606,,
608,IEEE Conference on Mass Storage Systems and Technologies,MSST,CORE2020,National: USA,No,4606,,
611,"IEEE Conference on Systems, Man and Cybernetics",SMC,CORE2020,B,No,4608,,
758,IEEE Conference on Virtual Reality and 3D User Interfaces,VR,CORE2020,A,Yes,4607,,
2061,IEEE Congress on Evolutionary Computation,CEC,CORE2020,B,Yes,4602,,
615,IEEE Congress on Services,SERVICES,CORE2020,B,No,4606,,
616,IEEE Consumer Communications and Networking Conference,IEEE CCNC,CORE2020,B,No,4606,,
2185,IEEE European Symposium on Security and Privacy,EuroS&P,CORE2020,NEW,Yes,4604,,
620,IEEE Global Internet Symposium,GI,CORE2020,C,No,4606,,
2030,IEEE Global Telecommunications Conference ,GLOBECOM,CORE2020,B,No,4606,,
2037,IEEE Industry Applications Society Annual Conference,IAS,CORE2020,National: USA,No,4601,,
623,IEEE Information Visualization Conference,IEEE InfoVis,CORE2020,A*,No,4608,,
92,IEEE International Conference on Advanced Video and Signal Based Surveillance,AVSS,CORE2020,B,No,4603,,
629,IEEE International Conference on Automatic Face and Gesture Recognition,FG,CORE2020,C,No,4603,,
630,IEEE International Conference on Autonomic Computing,ICAC,CORE2020,B,No,4606,,
631,IEEE International Conference on Cloud Computing,CLOUD,CORE2020,B,No,4606,,
931,IEEE International Conference on Cloud Computing Technology and Science (International Conference on Cloud Computing pre 2010),CloudCom,CORE2020,C,No,4606,,
632,IEEE International Conference on Cluster Computing,CLUSTER,CORE2020,A,No,4606,,
633,IEEE International Conference on Cognitive Informatics,ICCI,CORE2020,C,No,4602,4611,
637,IEEE International Conference on Computer and Information Technology,CIT,CORE2020,C,No,46,,
2074,IEEE International Conference on Computer Communications,INFOCOM,CORE2020,A*,No,4606,,
638,IEEE International Conference on Computer Vision,ICCV,CORE2020,A*,Yes,4603,,
641,IEEE International Conference on Cybernetics and Intelligent Systems,CIS,CORE2020,C,No,4602,,
642,IEEE International Conference on Data Mining,ICDM,CORE2020,A*,No,4605,,
2182,IEEE International Conference on Data Science and Engineering,ICDSE,CORE2020,National:India,Yes,4605,,
644,IEEE International Conference on Distributed Computing in Sensor Systems,DCOSS,CORE2020,B,No,4606,,
2047,IEEE International Conference on Document Analysis and Recognition,ICDAR,CORE2020,A,Yes,4605,,
648,IEEE International Conference on e-Science and Grid Computing,e-Science,CORE2020,A,No,4606,4601,4612
1472,"IEEE international conference on ehealth networking applications and
 services (was International Workshop on Enterprise Networking and Computing in Health Care Industry; changed 2006)",HealthCom,CORE2020,C,Yes,4601,,
646,IEEE International Conference on Engineering of Complex Computer Systems,ICECCS,CORE2020,A,No,4612,4606,
649,IEEE International Conference on Fuzzy Systems,FUZZ-IEEE,CORE2020,A,No,4602,,
650,IEEE International Conference on Global Software Engineering,ICGSE,CORE2020,C,No,4612,,
652,IEEE International Conference on High Performance Computing and Communications,HPCC,CORE2020,B,No,4606,,
653,IEEE International Conference on High Performance Computing and Simulation,IEEE HPCS,CORE2020,B,No,4606,4602,
654,IEEE International Conference on Image Processing,ICIP,CORE2020,B,No,4603,,
656,IEEE International Conference on Information and Automation,IEEE ICIA,CORE2020,National: China,No,08,,
657,IEEE International Conference on Information Reuse and Integration,IRI,CORE2020,National: USA,No,4605,4602,
658,IEEE International Conference on Intelligence and Security Informatics,ISI,CORE2020,C,No,4604,,
660,IEEE International Conference on Intelligent Computer Communication and Processing,ICCP,CORE2020,National: Romania,No,08,,
661,IEEE International Conference on Intelligent Systems,IEEE IS,CORE2020,C,No,4602,,
663,IEEE International Conference on Mobile Ad-hoc and Sensor Systems,MASS,CORE2020,B,No,4606,,
664,IEEE International Conference on Multimedia and Expo,ICME,CORE2020,B,No,4603,,
669,IEEE International Conference on Pervasive Computing and Communications,PERCOM,CORE2020,A*,No,4608,4606,
1181,"IEEE International Conference on Program Comprehension (previously IWPC, changed in 2006)",ICPC,CORE2020,C,No,4612,,
2051,IEEE International Conference on Robotics and Automation,ICRA,CORE2020,B,No,4602,,
610,"IEEE International Conference on Sensing, Communication and Networking",SECON,CORE2020,B,No,4606,,
673,IEEE International Conference on Service-Oriented Computing and Applications,SOCA,CORE2020,C,No,4606,,
674,IEEE International Conference on Services Computing,SCC,CORE2020,A,No,4606,,
676,"IEEE International Conference on Software Maintenance and Evolution (prior to 2014 was ICSM, IEEE International Conference on Software Maintenance)",ICSME,CORE2020,A,Yes,4612,,
1757,IEEE International Conference on Visual Communications and Image Processing (was SPIE ... pre 2011),VCIP,CORE2020,B,No,4603,,
678,IEEE International Conference on Web Services,ICWS,CORE2020,A,No,4606,,
679,"IEEE International Conference on Wireless and Mobile Computing, Networking and Communications",WiMob,CORE2020,B,Yes,4606,,
682,IEEE International Enterprise Distributed Object Computing Conference,EDOC,CORE2020,B,No,4606,,
683,IEEE International Geoscience and Remote Sensing Symposium,IGARSS,CORE2020,C,No,4601,,
685,IEEE International Joint Conference on Neural Networks,IJCNN,CORE2020,A,No,4611,,
687,IEEE International On-Line Testing Symposium,IOLTS,CORE2020,C,No,4612,,
688,IEEE International Parallel and Distributed Processing Symposium (was IPPS and SPDP),IPDPS,CORE2020,A,Yes,4606,,
689,IEEE International Performance Computing and Communications Conference,IPCCC,CORE2020,B,No,4606,,
690,IEEE International Requirements Engineering Conference,RE,CORE2020,A,No,4612,,
691,"IEEE International Symposium on a World of Wireless, Mobile and Multimedia Networks",WoWMoM,CORE2020,A,Yes,4606,,
692,IEEE International Symposium on Adaptive Dynamic Programming and Reinforcement Learning,IEEE ADPRL,CORE2020,C,No,4611,,
693,IEEE International Symposium on Artificial Life,IEEE Alife,CORE2020,A,No,4602,,
695,"IEEE International Symposium on Cluster, Cloud and Grid Computing",CCGRID,CORE2020,A,No,4606,,
698,IEEE International Symposium on High Assurance Systems Engineering,HASE,CORE2020,B,No,4612,,
699,IEEE International Symposium on Information Theory,ISIT,CORE2020,B,Yes,4613,,
701,IEEE International Symposium on Multimedia,ISM,CORE2020,C,No,4603,,
702,IEEE International Symposium on Network Computing and Applications,NCA,CORE2020,A,No,4606,,
704,IEEE International Symposium on Parallel and Distributed Processing with Applications,ISPA,CORE2020,B,Yes,4606,,
705,IEEE International Symposium on Performance Analysis of Systems and Software,ISPASS,CORE2020,B,Yes,4612,,
706,IEEE International Symposium on Personal and Indoor Mobile Radio Conference,PIMRC,CORE2020,B,No,4606,,
749,IEEE International Symposium on Rapid System Prototyping (was IEEE Symposium on Rapid Prototyping),RSP,CORE2020,C,No,4612,,
703,IEEE International Symposium on Real-Time Distributed Computing,ISORC,CORE2020,C,No,4606,,
708,IEEE International Symposium on Wearable Computers,ISWC,CORE2020,A*,No,4608,,
711,IEEE International Working Conference on Mining Software Repositories,MSR,CORE2020,A,Yes,4612,4605,
720,IEEE International Working Conference on Software Visualisation,VISSOFT,CORE2020,B,No,4608,4612,
717,IEEE International Workshop on Quality of Service,IWQoS,CORE2020,B,No,4606,,
718,IEEE International Workshop on Source Code Analysis and Manipulation,SCAM,CORE2020,C,No,4612,,
2088,IEEE LAN/MAN Workshop,LANMAN ,CORE2020,C,No,4606,,
723,IEEE Network Operations and Management Symposium,NOMS,CORE2020,B,No,4606,,
724,IEEE Pacific Visualization Symposium (was APVIS),PacificVis,CORE2020,B,Yes,4603,,
725,IEEE Real-Time and Embedded Technology and Applications Symposium,RTAS,CORE2020,A,No,4606,,
726,IEEE Software Engineering Workshop,SEW,CORE2020,C,No,4612,,
727,IEEE Swarm Intelligence Symposium,IEEE SIS,CORE2020,C,No,4602,,
731,IEEE Symposium on Computational Intelligence and Data Mining,CIDM,CORE2020,C,No,4605,,
733,IEEE Symposium on Computational Intelligence for Financial Engineering,IEEE CIFEr,CORE2020,C,No,4601,,
735,IEEE Symposium on Computational intelligence for Multimedia Signal and Vision Processing,IEEE CIMSIVP,CORE2020,C,No,4603,,
736,IEEE Symposium on Computational Intelligence for Security and Defence Applications,IEEE CISDA,CORE2020,C,No,4601,,
737,IEEE Symposium on Computational Intelligence in Bioinformatics and Computational Biology,CIBCB,CORE2020,C,No,4601,,
738,IEEE Symposium on Computational Intelligence in Control and Automation,IEEE CICA,CORE2020,C,No,4602,,
739,IEEE Symposium on Computational Intelligence in Cyber Security,IEEE CICS,CORE2020,C,No,4604,,
743,IEEE Symposium on Computer Arithmetic,ARITH,CORE2020,C,No,4613,,
744,IEEE Symposium on Computers and Communications,ISCC,CORE2020,B,No,4606,,
2026,IEEE Symposium on Field Programmable Custom Computing Machines,FCCM,CORE2020,A,No,4606,,
745,IEEE Symposium on Foundations of Computer Science,FOCS,CORE2020,A*,No,4613,,
746,IEEE Symposium on High-Performance Interconnects,HOTI,CORE2020,National: USA,No,4606,,
748,IEEE Symposium on Logic in Computer Science,LICS,CORE2020,A*,No,4613,,
750,IEEE Symposium on Security and Privacy,SP,CORE2020,A*,Yes,4604,,
751,IEEE Symposium on Visual Analytics Science and Technology,IEEE VAST,CORE2020,C,No,4608,,
752,IEEE Symposium on Visual Languages and Human-Centric Computing (was VL),VL/HCC,CORE2020,B,Yes,4608,,
756,IEEE Tencon (IEEE Region 10 Conference),Tencon,CORE2020,C,No,46,,
757,IEEE Vehicular Technology Conference,VTC,CORE2020,B,No,4606,,
759,IEEE Visualization,IEEE VIS,CORE2020,A,No,4608,,
760,IEEE Wireless Communications and Networking Conference,WCNC,CORE2020,B,No,4606,,
763,IEEE Workshop on Applications of Computer Vision,WACV,CORE2020,A,No,4603,,
771,IEEE Workshop on High Performance Switching and Routing,HPSR,CORE2020,C,No,4606,,
782,IEEE/ACIS International Conference on Computer and Information Science,ICIS,CORE2020,C,No,46,,
783,IEEE/ACM International Conference on Computer-Aided Design,ICCAD,CORE2020,A,No,4606,,
785,IEEE/ACM International Symposium on Mixed and Augmented Reality,ISMAR,CORE2020,A*,No,4607,,
787,IEEE/IFIP International Conference on Dependable Systems and Networks,DSN,CORE2020,A,Yes,4606,4604,
788,IEEE/IFIP International Conference on Embedded and Ubiquitous Computing,EUC,CORE2020,C,No,4606,,
792,IEEE/RSJ International Conference on Intelligent Robots and Systems,IROS,CORE2020,A,No,4602,4603,
794,IEEE/WIC/ACM International Joint Conferences on Web Inteligence and Intelligent Agent Technology,WI-IAT,CORE2020,B,Yes,4602,4605,
796,IFAC Conference on System Structure and Control,SSSC,CORE2020,C,No,4612,4606,
797,"IFAC Symposium on Fault Detection, Supervision and Safety of Technical Processes",SAFEProcess,CORE2020,C,No,4604,,
804,IFIP Information Security & Privacy Conference,IFIP SEC,CORE2020,B,No,4604,,
801,IFIP International Conference on Distributed Applications and Interoperable Systems,DAIS,CORE2020,B,No,4606,,
810,IFIP?International Conference on Network and Parallel Computing,NPC,CORE2020,C,No,4606,,
806,IFIP International Conference on Networking,Networking,CORE2020,A,No,4606,,
2116,"IFIP International Symposium on Computing Performance, Modelling, Measurement and Evaluation ",PERFORMANCE ,CORE2020,A,No,4612,,
807,IFIP TC13 Conference on Human-Computer Interaction,Interact,CORE2020,A,Yes,4608,,
2067,IFIP WG 11.3 Working Conference on Data and Applications Security (also known as DBSEC),DBSEC,CORE2020,B,Yes,4604,,
809,IFIP Working Conferences on Virtual Enterprises,PRO-VE,CORE2020,C,No,4606,4601,
814,IFSA World Congress,IFSA,CORE2020,B,No,4602,,
816,IMA International Conference on Cryptography and Coding,IMACC,CORE2020,B,No,4604,,
817,Image and Vision Computing Conference,IVCNZ,CORE2020,Australasian B,No,4603,,
819,Inductive Logic Programming,ILP,CORE2020,B,No,4613,,
820,Industrial Simulation Conference,ISC,CORE2020,C,No,4602,4601,
1493,Information Hiding and Multimedia Security Workshop,IH&MMSec,CORE2020,C,No,4604,,
822,Information Integration and Web-based Applications and Services,IIWAS,CORE2020,C,No,46,,
823,Information Processing in Sensor Networks,IPSN,CORE2020,A*,Yes,4606,,
827,Information Security Conference,ISC,CORE2020,B,Yes,4604,,
825,Information Security Practice and Experience Conference,ISPEC,CORE2020,B,No,4604,,
826,Information Security Symposium,CERIAS,CORE2020,National: USA,No,4604,,
830,Information Theory Workshop,ITW,CORE2020,B,No,4613,,
831,Information Visualisation Theory and Practice,InfVis,CORE2020,C,No,4608,,
833,Information Visualization in Biomedical Informatics,IVBI,CORE2020,C,No,4601,,
834,Informing Science and Information Technology Education,InSITE,CORE2020,C,No,4608,,
2176,Innovations in Theoretical Computer Science,ITCS,CORE2020,A,Yes,4613,,
836,Innovative Applications in AI,IAAI,CORE2020,B,No,4602,4601,
839,Int. Workshop on Formal Methods for Industrial Critical Systems,FMICS,CORE2020,C,No,4612,,
842,Integrated Formal Methods,IFM,CORE2020,B,No,4612,4613,
845,Intelligent Data Analysis,IDA,CORE2020,A,No,4605,,
2203,Intelligent Distributed Computing,IDC,CORE2020,Unranked,Yes,4606,,
847,Intelligent Systems in Molecular Biology,ISMB,CORE2020,A,No,4601,,
2062,Intelligent Vehicles Conference,IEEE-IV,CORE2020,B,No,4602,,
849,Intelligent Virtual Agents,IVA,CORE2020,B,Yes,4602,4608,
2065,Intenational Environmental Modelling and Software Society,iEMSs,CORE2020,C,No,4601,,
852,Interactive Entertainment,IE,CORE2020,Australasian C,No,4607,,
856,International and Interdisciplinary Conference on Modelling and Using Context,CONTEXT,CORE2020,C,No,4602,,
861,International Baltic Conference on Databases and Information Systems,DB&IS,CORE2020,Regional - Baltic,No,4605,,
864,International Colloquium on Automata Languages and Programming,ICALP,CORE2020,A,No,4613,4612,
866,International Colloquium on Structural Information and Communication Complexity,SIROCCO,CORE2020,B,No,4613,,
867,International Colloquium on Theoretical Aspects of Computing,ICTAC,CORE2020,B,No,4613,,
870,International Computer Science Symposium in Russia,CSR,CORE2020,National: Russia,No,46,,
871,International Computer Software and Applications Conference,COMPSAC,CORE2020,B,No,4601,,
872,International Computing Education Research Workshop,ICER,CORE2020,B,No,4608,,
882,"International Conference Abstract State Machines, Alloy, B, TLA, VDM, and Z (Previously International Conference of B and Z Users, ZB, changed in 2008)",ABZ,CORE2020,C,No,4612,4613,
873,International Conference and Exhibition on High Performance Computing in the Asia-Pacific Region,HPC Asia,CORE2020,B,Yes,4606,,
77,"International Conference for High Performance Computing, Networking, Storage and Analysis (was Supercomputing Conference)",SC,CORE2020,A,No,4606,,
876,International Conference Formal Concept Analysis Conference,ICFCA,CORE2020,C,No,4613,,
878,International Conference in Business Process Management,BPM,CORE2020,A,No,4612,,
886,International Conference on AD-HOC Networks and Wireless,ADHOC-NOW,CORE2020,B,Yes,4606,,
921,International Conference on Advanced and Trusted Computing (was International Conference on Autonomic and Trusted Computing),ATC,CORE2020,C,No,4604,4606,4605
887,International Conference on Advanced Computing and Communications,AdCom,CORE2020,National: India,No,4606,,
888,International Conference on Advanced Data Mining and Applications,ADMA,CORE2020,B,No,4605,,
890,International Conference on Advanced Information Networking and Applications (was ICOIN),AINA,CORE2020,B,No,4606,,
891,International Conference on Advanced Information Systems Engineering,CaiSE,CORE2020,A,No,4605,,
895,International Conference on Advances in Computer-Human Interactions,ACHI,CORE2020,C,No,4608,,
899,International Conference on Advances in Mobile Computing and Multimedia,MOMM,CORE2020,B,No,4606,,
901,International Conference on Affective Computing and Intelligent,ACII,CORE2020,C,No,4608,,
902,International Conference on Agents and Artificial Intelligence,ICAART,CORE2020,C,No,4602,,
905,International Conference on Algorithms and Architectures for Parallel Processing,ICA3PP,CORE2020,B,No,4606,,
906,International Conference on Algorithms and Complexity (was Italian Conference ),CIAC,CORE2020,C,No,4613,,
907,International Conference on Applied Cryptography and Network Security,ACNS,CORE2020,B,No,4604,,
909,International Conference on Artificial Intelligence,IC-AI,CORE2020,National: USA,No,4602,4611,
910,International Conference on Artificial Intelligence and Law,ICAIL,CORE2020,C,No,4602,4601,
912,International Conference on Artificial Intelligence and Soft Computing,ICAISC,CORE2020,National: Poland,No,4602,,
913,International Conference on Artificial Intelligence and Statistics,AISTATS,CORE2020,A,Yes,4602,,
1961,International Conference on Artificial Intelligence in Education,AIED,CORE2020,A,No,4601,,
2162,"International Conference on Artificial Intelligence: Methodology, Systems, Applications",AIMSA,CORE2020,National: Bulgaria,Yes,4602,4611,
915,International Conference on Artificial Neural Networks,ICANN,CORE2020,B,No,4611,,
461,International Conference on Artificial Reality and Telexistance & Eurographics Symposium on Virtual Environments,EGVE,CORE2020,B,No,4607,,
918,International Conference on Automated Deduction,CADE,CORE2020,A,No,4602,,
919,International Conference on Automated Planning and Scheduling,ICAPS,CORE2020,A*,Yes,4602,,
923,"International Conference on Availability, Reliability and Security",ARES,CORE2020,B,No,4604,,
925,"International Conference on Broadband Communications, Networks and Systems",Broadnets,CORE2020,B,No,4606,,
928,International Conference on Case-Based Reasoning,ICCBR,CORE2020,B,Yes,4602,,
933,"International Conference on Collaborative Computing: Networks, Applications and Worksharing",CollaborateCom,CORE2020,C,No,4606,,
2046,International Conference on Communication Systems and Applications,ICCSA,CORE2020,C,No,4606,,
936,International Conference on Compiler Construction,CC,CORE2020,A,No,4606,,
937,"International Conference on Compilers, Architecture, and Synthesis for Embedded Systems",CASES,CORE2020,A,No,4606,,
939,"International Conference on Complex, Intelligent and Software Intensive Systems",CISIS,CORE2020,C,No,4606,,
941,International Conference on Computability and Complexity in Analysis,CCA,CORE2020,C,No,4613,,
942,International Conference on Computational Collective Intelligence,ICCCI,CORE2020,C,No,4602,4606,
2199,International Conference on Computational Creativity,ICCC,CORE2020,Unranked,Yes,46,,
945,International Conference on Computational Intelligence and Security,CIS,CORE2020,National: China,No,4604,,
949,International Conference on Computational Linguistics,COLING,CORE2020,A,No,4602,,
950,International Conference on Computational Molecular Biology,RECOMB,CORE2020,B,No,4601,,
952,International Conference on Computational Science,ICCS,CORE2020,A,Yes,4613,,
953,International Conference on Computational Science and Applications,ICCSA,CORE2020,C,No,46,,
955,International Conference on Computer Analysis of Images and Patterns,CAIP,CORE2020,B,Yes,4603,,
2038,International Conference on Computer Communication and Networks,ICCCN,CORE2020,A,No,4606,,
961,"International Conference on Computer Safety, Reliability and Security",SAFECOMP,CORE2020,B,No,4604,,
962,International Conference on Computer Supported Cooperative Work in Design,CSCWD,CORE2020,B,No,4608,,
964,International Conference on Computer Vision Systems,ICVS,CORE2020,C,No,4603,,
965,International Conference on Computers and their Applications,CATA,CORE2020,National: USA,No,4601,,
966,International Conference on Computers Helping People with Special Needs,ICCHP,CORE2020,C,No,4601,,
967,International Conference on Computers in Education,ICCE,CORE2020,B,No,4601,,
969,International Conference on Computing and Combinatorics,COCOON,CORE2020,National:China,No,4613,,
970,International Conference on Computing and Informatics,ICOCI,CORE2020,C,No,46,,
971,International Conference on Conceptual Modelling,ER,CORE2020,A,No,4605,,
972,International Conference on Conceptual Structures,ICCS,CORE2020,B,No,4613,,
973,International Conference on Concurrency Theory,CONCUR,CORE2020,A,No,4606,,
977,"International Conference on Control, Automation, Robotics and Vision",ICARCV,CORE2020,A,No,4602,4603,
979,International Conference on Cooperative Information Systems,CoopIS,CORE2020,A,No,4608,,
980,International Conference on Coordination Models and Languages,Coordination,CORE2020,B,Yes,4606,,
982,International Conference on Cryptology and Network Security,CANS,CORE2020,B,No,4604,,
983,International Conference on Cryptology in India,INDOCRYPT,CORE2020,National: India,No,4604,,
985,International Conference on Cyberworlds (was International Symposium on Cyberworlds),CW,CORE2020,B,No,4607,,
986,International Conference on Data Engineering,ICDE,CORE2020,A*,No,4605,,
987,International Conference on Database and Expert Systems Applications,DEXA,CORE2020,B,Yes,4605,4602,
988,International Conference on Database Systems for Advanced Applications,DASFAA,CORE2020,B,Yes,4605,,
989,International Conference on Database Theory,ICDT,CORE2020,A,No,4605,,
991,International Conference on Dependability of Computer Systems,DEPCoS,CORE2020,National: Poland,No,4606,,
992,"International Conference on Dependable, Autonomic and Secure Computing",DASC,CORE2020,C,No,4604,,
997,International Conference on Digital Society,ICDS,CORE2020,C,No,4601,,
998,International Conference on Discrete Geometry for Computer Imagery,DGCI,CORE2020,C,No,4607,4603,
1000,International Conference on Distributed Computing and Internet Technologies,ICDCIT,CORE2020,National: India,No,4606,,
1001,International Conference on Distributed Computing and Networking,ICDCN,CORE2020,National: India,No,4606,,
1002,International Conference on Distributed Computing Systems,ICDCS,CORE2020,A,No,4606,,
1004,International Conference on Dublin Core and Metadata Applications,DC,CORE2020,C,No,4605,,
1006,International Conference on Electronic Commerce,ICEC,CORE2020,C,No,4601,,
1186,International Conference on Embedded and Real Time Computing Systems and Applications,RTCSA,CORE2020,B,No,4606,,
497,International Conference on Embedded Wireless Systems and Networks (wasEuropean Conference on Wireless Sensor Networks),EWSN,CORE2020,A,Yes,4606,,
2194,International Conference on Emerging Ubiquitous Systems and Pervasive Networks,EUSPN,CORE2020,Unranked,Yes,4606,,
1011,International Conference on Engineering Applications of Neural Networks,EANN,CORE2020,C,No,4611,,
1019,International Conference on Entertainment Computing,ICEC,CORE2020,C,No,4607,,
1022,International Conference on Evaluation and Assessment in Software Engineering,EASE,CORE2020,A,Yes,4612,,
1023,International Conference on Evaluation of Novel Approaches to Software Engineering,ENASE,CORE2020,B,No,4612,,
1031,International Conference on Formal Engineering Methods,ICFEM,CORE2020,B,No,4612,,
1033,International Conference on Formal Ontology in Information Systems,FOIS,CORE2020,A,Yes,4613,,
1035,International Conference on Frontiers of Handwriting Recognition,ICFHR,CORE2020,B,No,4603,,
1036,International Conference on Frontiers of Information Technology,FIT,CORE2020,National: Pakistan,No,08,,
1037,International Conference on Functional Programming,ICFP,CORE2020,A*,Yes,4612,,
1039,International Conference on Generative Programming and Component Engineering,GPCE,CORE2020,B,No,4612,,
1042,International Conference on Graph Transformations,ICGT,CORE2020,B,No,4613,4605,
1044,"International Conference on Green, Pervasive and Cloud Computing (was Grid and Pervasive Computing)",GPC,CORE2020,C,No,4606,,
1422,"International Conference on Hardware/Software Codesign and System Synthesis (previously ISSN, changed in 2003)",CODES+ISSS,CORE2020,C,No,4606,,
1047,International Conference on Health Informatics,Healthinf,CORE2020,C,No,4601,,
1184,"International Conference on Heterogeneous Networking for Quality, Reliability, Security and Robustness (was International Conference on Quality of Service in Heterogeneous Wired/Wireless Networks)",Qshine,CORE2020,B,No,4606,,
1048,International Conference on High Performance Computing,HiPC,CORE2020,National: India,Yes,4606,,
1050,International Conference on High Performance Scientific Computing,HPSC,CORE2020,National: Vietnam,No,4606,,
1053,International Conference on Human Factors in Computing Systems,CHI,CORE2020,A*,No,4608,,
1054,International Conference on Human-Computer Interaction with Mobile Devices and Services,MobileHCI,CORE2020,B,No,4608,,
1055,International Conference on Hybrid Artificial Intelligence Systems,HAIS,CORE2020,National: Spain,No,4602,,
1056,International Conference on Hybrid Intelligent Systems,HIS,CORE2020,C,No,4602,,
1058,International Conference on Image Analysis and Processing,ICIAP,CORE2020,National: Italy,No,4603,,
2164,International Conference on Image Analysis and Recognition,ICIAR,CORE2020,C,Yes,4603,,
1059,International Conference on Image and Graphics,ICIG,CORE2020,National: China,No,4607,,
1060,International Conference on Image and Signal Processing,ICISP,CORE2020,C,Yes,4603,,
1062,International Conference on Implementation and Application of Automata,CIAA,CORE2020,B,No,4613,,
1064,International Conference on Industrial and Engineering Applications of Artificial Intelligence and Expert Systems,IEA/AIE,CORE2020,B,Yes,4602,4611,4603
1066,International Conference on Information and Communication Technologies and Development,ICTD,CORE2020,C,No,4601,,
1067,International Conference on Information and Communication Technologies in Tourism,ENTER,CORE2020,C,No,4601,,
1068,International Conference on Information and Communications Security,ICICS,CORE2020,B,No,4604,,
1071,International Conference on Information and Knowledge Engineering,IKE,CORE2020,National: USA,No,4602,,
1072,International Conference on Information Fusion,FUSION,CORE2020,C,No,4605,,
1073,International Conference on Information Processing and Management of Uncertainty,IPMU,CORE2020,C,Yes,4605,4602,
1076,International Conference on Information Security and Cryptography,SECRYPT,CORE2020,B,No,4604,,
1077,International Conference on Information Security and Cryptology,ICISC,CORE2020,National: Korea,No,4604,,
1081,International Conference on Information Systems Security,ICISS,CORE2020,National: India,No,4604,,
1083,International Conference on Information Technology and Applications,ICITA,CORE2020,Australasian C,No,4601,,
1085,International Conference on Information Technology: Coding and Computing,ITCC,CORE2020,C,No,46,,
1087,International Conference on Information Visualisation,IV,CORE2020,B,Yes,4608,4607,
837,International Conference on Innovations for Community Services (was Innovative Internet Computer Systems IICS until 2014),I4CS,CORE2020,C,No,4601,,
1090,International Conference on Integration of Artificial Intelligence and Operations Research Techniques in Constraint Programming for Combinatorial Optimization Problems,CPAIOR,CORE2020,B,No,4602,,
1093,International Conference on Intelligent Data Engineering and Automated Learning,IDEAL,CORE2020,C,No,46,,
1216,"International Conference on Intelligent Software Methodologies, Tools, and Techniques (was International Conference on Software Methods and Tools)",SoMeT,CORE2020,B,No,4612,,
1097,International Conference on Intelligent Systems and Knowledge Engineering,ISKE,CORE2020,National: China,No,4602,,
1098,International Conference on Intelligent Systems Designs and Applications,ISDA,CORE2020,C,No,4602,4601,
1099,International Conference on Intelligent Text Processing and Computational Linguistics,CICLING,CORE2020,B,No,4602,,
1100,International Conference on Intelligent Tutoring Systems,ITS,CORE2020,A,No,4601,,
1101,International Conference on Intelligent User Interfaces,IUI,CORE2020,A,Yes,4608,,
2161,"International Conference on Interactive Digital Storytelling (2008 merger of ""ICVS International Conference on Virtual Storytelling"" and ""TIDSE Technology for Interactive Digital Storytelling"")",ICIDS,CORE2020,C,No,4607,,
1104,International Conference on Internet and Web Applications and Services,ICIW,CORE2020,C,No,4606,4605,
1106,International Conference on Internet Computing in Science and Engineering,ICICSE,CORE2020,C,Yes,4606,,
1107,International Conference on Internet Monitoring and Protection,ICIMP,CORE2020,C,No,4604,,
1108,International Conference on Internet Technologies and Applications,ITA,CORE2020,National: USA,No,46,,
1110,International Conference on Knowledge Engineering and Knowledge Management,EKAW,CORE2020,B,Yes,4605,,
1111,International Conference on Knowledge Engineering and Ontology Development,KEOD,CORE2020,C,Yes,4605,,
1112,"International Conference on Knowledge Science, Engineering and Management",KSEM,CORE2020,B,No,4602,4605,
1113,International Conference on Knowledge-Based and Intelligent Information and Engineering Systems,KES,CORE2020,B,No,4602,,
1115,International Conference on Language and Automata Theory and Applications,LATA,CORE2020,C,No,4613,,
1117,International Conference on Legal Knowledge and Information Systems,JURIX,CORE2020,C,No,4601,,
1119,International Conference on Logic Programming,ICLP,CORE2020,A,No,4613,,
1120,International Conference on Logic Programming and Non-monotonic Reasoning,LPNMR,CORE2020,A,No,4602,4613,
1121,International Conference on Machine Learning,ICML,CORE2020,A*,No,4611,,
1122,International Conference on Machine Learning and Applications,ICMLA,CORE2020,C,No,4611,,
1123,International Conference on Machine Learning and Cybernetics,ICMLC,CORE2020,National: China,No,4611,,
1124,International Conference on Machine Vision,ICMV,CORE2020,C,No,4603,,
1692,International Conference on Managed Programming Languages and Runtimes (was ManLang and previously Principles and Practice of Programming in Java: PPPJ),MPLR,CORE2020,C,No,4612,,
1125,International Conference on Management of Data,COMAD,CORE2020,National: India,Yes,4605,,
2205,International Conference on Management of Digital EcoSystems,MEDES,CORE2020,Unranked,Yes,4606,,
1131,International Conference on Mobile and Ubiquitous Systems: Networks and Services,Mobiquitous,CORE2020,A,No,4606,,
1133,International Conference on Mobile Data Management,MDM,CORE2020,C,No,4606,4605,
2206,International Conference on Mobile Systems and Pervasive Computing,MobiSPC,CORE2020,Unranked,Yes,4606,,
1134,"International Conference on Mobile Ubiquitous Computing, Systems, Services and Technologies",UBICOMM,CORE2020,C,Yes,4606,,
1244,"International Conference on Model Driven Engineering Languages and Systems (Previously UML, changed in 2005)",MODELS,CORE2020,A,Yes,4612,,
1136,International Conference on Model Transformation,ICMT,CORE2020,B,No,4612,,
507,International Conference on Modelling and Simulation (was ESM European Simulation MultiConference),ECMS,CORE2020,B,No,4602,,
1140,International Conference on Modelling Decisions for Artificial Intelligence,MDAI,CORE2020,B,No,46,,
1143,International Conference on Multimedia Modelling,MMM,CORE2020,C,No,4603,,
44,International Conference on Multimedia Retrieval (previously MIR),ICMR,CORE2020,B,Yes,4603,4605,
1144,International Conference on Multimodal Interaction (was International Conference on Multimodal Interfaces),ICMI,CORE2020,B,No,4608,,
1145,International Conference on Natural Computation,ICNC,CORE2020,National: China,No,4602,,
813,International Conference on Network and Service Management (amalgamation of DSOM and related workshops from 2010),CNSM,CORE2020,B,No,4606,,
1146,International Conference on network and System Security,NSS,CORE2020,B,No,4604,,
1147,International Conference on Network Protocols,ICNP,CORE2020,A,No,4606,,
1152,International Conference on Neural Information Processing,ICONIP,CORE2020,A,No,4611,,
1160,International Conference on Optimization: Techniques And Applications,ICOTA,CORE2020,C,No,4602,,
1161,International Conference on Pairing-based Cryptography,Pairing,CORE2020,C,No,4604,,
1162,"International Conference on Parallel and Distributed Computing, Applications and Technologies",PDCAT,CORE2020,B,Yes,4606,,
1163,International Conference on Parallel and Distributed Processing Techniques and Applications,PDPTA,CORE2020,National: USA,No,4606,,
1164,International Conference on Parallel and Distributed Systems,ICPADS,CORE2020,B,No,4606,,
1165,International Conference on Parallel Architecture and Compilation Techniques,PACT,CORE2020,A,No,4606,,
1167,International Conference on Parallel Processing,ICPP,CORE2020,A,Yes,4606,,
1168,International Conference on Parallel Processing and Applied Mathematics,PPAM,CORE2020,National: Poland,No,4606,,
1169,International Conference on Pattern Recognition,ICPR,CORE2020,B,No,4603,,
1279,International Conference on Practice and Theory in Public Key Cryptography,PKC,CORE2020,B,Yes,4604,,
1175,International Conference on Principles and Practice of Constraint Programming,CP,CORE2020,A,No,4602,,
1176,International Conference on Principles and Practice of Declarative Programming,PPDP,CORE2020,B,Yes,4612,,
1177,International Conference on Principles of Distributed Systems,OPODIS,CORE2020,B,No,4606,,
1663,International Conference on Principles of Practice in Multi-Agent Systems (prior to 2009 was Pacific Rim International Workshop on Multi-Agents),PRIMA,CORE2020,B,Yes,4602,,
2207,International Conference on Principles of Security and Trust,POST,CORE2020,Unranked,Yes,4604,,
358,"International Conference on Probabilistic, Combinatorial, and Asymptotic Methods in the Analysis of Algorithms (was Conference on Analysis of Algorithms)",AofA,CORE2020,B,No,4613,,
1182,International Conference on Provable Security,ProvSec,CORE2020,B,No,4604,,
1188,International Conference on Recent Advances in Natural Language Processing,RANLP,CORE2020,National: bulgaria,No,4602,,
1189,International Conference on Relational and AlgebraicMethods in Computer Science (was International Conference on Relational Methods in Computer Science RelMiCS),RAMiCS,CORE2020,C,No,4613,,
1191,International Conference on Reliable Software Technologies,Ada-Europe,CORE2020,B,Yes,4612,,
1192,International Conference on Research Challenges in Information Science,RCIS,CORE2020,B,No,46,,
1193,International Conference on Risks and Security of Internet and Systems,CRiSIS,CORE2020,C,No,4604,,
1194,"International Conference on Robotics, Vision, Signal Processing and Power Applications (was ROVPIA)",RoVISP,CORE2020,National: Malaysia,No,4603,,
1932,International Conference on Runtime Verification (was workshop pre 2010),RV,CORE2020,C,No,4612,,
1197,International Conference on Scientific and Statistical Data Base Management,SSDBM,CORE2020,A,No,4605,,
1198,International Conference on Security and Privacy for Communication Networks,SecureComm,CORE2020,B,Yes,4604,,
1200,International Conference on Security of Information and Networks,SIN,CORE2020,C,No,4604,,
1202,International Conference on Semantics Knowledge and Grid,SKG,CORE2020,National: China,No,4606,,
1203,International Conference on Sequences and their Applications,SETA,CORE2020,B,No,4604,4613,
1204,International Conference on Service Oriented Computing,ICSOC,CORE2020,A,No,4606,,
2178,International Conference on Smart homes and health Telematics,ICOST,CORE2020,C,Yes,4601,,
1206,International Conference on Software and Data Technologies,ICSoft,CORE2020,B,No,4612,,
1217,International Conference on Software and System Processes (was ICSP prior to 2011),ICSSP,CORE2020,A,No,4612,,
791,International Conference on Software Architecture (was previously WICSA),ICSA,CORE2020,NEW,Yes,4612,,
1209,International Conference on Software Engineering,ICSE,CORE2020,A*,Yes,4612,,
1210,International Conference on Software Engineering Advances,ICSEA,CORE2020,C,No,4612,,
1211,International Conference on Software Engineering and Formal Methods,SEFM,CORE2020,B,No,4612,,
1212,International Conference on Software Engineering and Knowledge Engineering,SEKE,CORE2020,B,No,4612,4602,
1214,"International Conference on Software Engineering, Artificial Intelligence, Networking and Parallel/Distributed Computing",SNPD,CORE2020,C,No,4612,4602,4606
1215,International Conference on Software Language Engineering,SLE,CORE2020,B,No,4612,,
1219,International Conference on Software Quality Management,SQM,CORE2020,C,No,4612,,
1220,International Conference on Software Reuse,ICSR,CORE2020,B,Yes,4612,,
1221,"International Conference on Software Testing, Verification and Validation",ICST,CORE2020,A,Yes,4612,,
2209,International Conference on Sustainable Energy Information Technology ,SEIT,CORE2020,Unranked,Yes,4601,4606,
1229,International Conference on Systems Engineering,ICSEng,CORE2020,C,No,46,,
1236,International Conference on Tests and Proofs,TAP,CORE2020,B,No,4612,,
1237,International Conference on the Application and Theory of Petri Nets and Concurrency,ICATPN,CORE2020,B,No,4606,,
1238,International Conference on the Foundations of Digital Games,FDG,CORE2020,C,No,4607,,
1239,International Conference on the Principles of Knowledge Representation and Reasoning,KR,CORE2020,A*,No,4602,,
2180,International Conference on the Quality of Information and Communications Technology,QUATIC,CORE2020,C,Yes,4612,,
1240,International Conference on the Simulation and Synthesis of Living Systems,ALIFE,CORE2020,A,No,4602,,
1241,International Conference on the Statistical Analysis of Textual Data,JADT,CORE2020,C,No,4602,,
1242,International Conference on the Theory and Application of Cryptographic Techniques,EuroCrypt,CORE2020,A*,No,4604,,
1243,International Conference on the Theory and Application of Cryptology and Information Security,ASIACRYPT,CORE2020,A,Yes,4604,,
2202,"International Conference on the Theory of Information Retrieval
",ICTIR,CORE2020,Unranked,Yes,4605,,
1246,International Conference on Theorem Proving with Analytic Tableaux and Related Methods,TABLEAUX,CORE2020,A,No,4613,,
1250,International Conference on Theory and Applications of Satisfiability Testing,SAT,CORE2020,A,No,4602,,
2013,International Conference on Theory and Practice of Digital Libraries (was ECDL until 2010),TPDL,CORE2020,B,Yes,4605,,
1251,International Conference on Tools with Artificial Intelligence,ICTAI,CORE2020,B,No,4602,,
1253,"International Conference on Trust, Privacy and Security in Digital Business",TrustBus,CORE2020,B,No,4604,,
790,"International Conference on Trust, Security and Privacy in Computing and Communications",TrustCom,CORE2020,A,No,4604,,
1254,International Conference on Ubiquitous Intelligence and Computing,UIC,CORE2020,B,Yes,4606,4608,
1255,International Conference on Unconventional Computation and Natural Computation (was International Conference on Unconventional Computation),UC,CORE2020,C,No,4613,,
1259,"International Conference on User Modelling, Adaptation, and Personalization (was AH and UM)",UMAP,CORE2020,B,Yes,4608,,
1261,International Conference on Very Large Databases,VLDB,CORE2020,A*,No,4605,,
1262,International Conference on Virtual Execution Environments,VEE,CORE2020,A,No,4606,,
2168,International Conference on Virtual Rehabilitation,ICVR,CORE2020,Unranked,Yes,4601,,
1264,International Conference on Virtual Systems and MultiMedia,VSMM,CORE2020,B,No,4607,,
1267,International Conference on VLSI Design,VLSID,CORE2020,National: India,No,4606,,
2169,International Conference on Web and Social Media,ICWSM,CORE2020,Unranked,Yes,46,,
1269,International Conference on Web Engineering,ICWE,CORE2020,B,Yes,46,,
1270,International Conference on Web Information Systems and Technologies,WEBIST,CORE2020,C,Yes,46,,
1271,International Conference on Web Information Systems Engineering,WISE,CORE2020,A,Yes,4605,4606,
2211,"International Conference: Sciences of Electronics, Technologies of information and Telecommunication",SETIT,CORE2020,Unranked,Yes,46,,
1280,"International Conferences in Central Europe on Computer Graphics, Visualization and Computer Vision",WSCG,CORE2020,National: Czecholslovakia,No,4607,4603,
1288,International Congress on Computational and Applied Mathematics,ICCAM,CORE2020,C,No,4613,,
1291,International Congress on Modelling and Simulation,MODSIM,CORE2020,Australasian C,No,4602,,
1296,International CSI Computer Conference,CSICC,CORE2020,National: Iran,No,08,,
1297,International Database Engineering and Applications Symposium,IDEAS,CORE2020,B,No,4605,,
2022,International European Conference on Parallel and Distributed Computing (was International Conference on Parallel Processing),EuroPar,CORE2020,A,No,4606,,
1303,International FLINS Conference on Robotics and Artificial Intelligence (was International Fuzzy Logic and Intelligent technologies in Nuclear Science Conference),FLINS,CORE2020,B,No,4602,,
1302,International Frontiers of Algorithmics Workshop,FAW,CORE2020,National: China,No,4613,,
1313,International Joint Conference on Artificial Intelligence,IJCAI,CORE2020,A*,No,4602,4611,4603
1314,International Joint Conference on Automated Reasoning,IJCAR,CORE2020,A*,No,4602,4611,
922,"International Joint Conference on Autonomous Agents and Multiagent Systems (previously the International Conference on Multiagent Systems, ICMAS, changed in 2000)",AAMAS,CORE2020,A*,Yes,4602,,
1316,"International Joint Conference on Knowledge Discovery, Knowledge Engineering and Knowledge Management",IC3K,CORE2020,C,No,4605,,
1317,International Joint Conference on Natural Language Processing,IJCNLP,CORE2020,B,No,4602,,
1195,International Joint Conference on Rough Sets (2014 International Conference on Rough Sets and Current Trends in Computing joined with 3 others),IJCRS (was RSCTC),CORE2020,C,No,4602,,
1320,International KES Symposium on Agents and Multiagent systems - Technologies and Applications,KES AMSTA,CORE2020,C,No,4602,,
1321,International Machine Vision and Image Processing Conference,IMVIP,CORE2020,National: ireland,No,4603,,
1260,"International Meeting on High Performance Computing for Computational Science (previously International Meeting Vector and Parallel Processing, changed in 2002)",VECPAR,CORE2020,B,No,4606,,
1327,International Natural Language Generation Conference,INLG,CORE2020,B,No,4602,,
1329,International Network Optimization Conference,INOC,CORE2020,C,No,4606,,
1331,International Picture Coding Symposium,PCS,CORE2020,C,No,4603,,
1338,International Semantic Web Conference,ISWC,CORE2020,A,Yes,4605,,
1348,International Symposium on Algorithmic Game Theory,SAGT,CORE2020,B,No,4613,,
1349,International Symposium on Algorithms and Computation,ISAAC,CORE2020,A,Yes,4613,,
1447,International Symposium on Algorithms and Experiments for  Wireless Networks,Algosensors,CORE2020,C,Yes,4606,,
1352,International Symposium on Applied Computational Intelligence and Informatics,SACI,CORE2020,National: Romania,No,4602,,
1353,International Symposium on Applied Machine Intelligence and Informatics,SAMI,CORE2020,National: slovakia,No,4602,,
1354,International Symposium on Artificial Intelligence and Mathematics,ISAIM,CORE2020,National: USA,Yes,4602,,
1355,International Symposium on Artificial Life and Robotics,AROB,CORE2020,C,No,4602,,
1357,International Symposium on Automated Technology for Verification and Analysis,ATVA,CORE2020,A,No,4612,,
1358,International Symposium on Automation and Robotics in Construction,ISARC,CORE2020,C,No,4602,,
1359,International Symposium on Autonomous Decentralized Systems,ISADS,CORE2020,C,No,4606,,
1362,International Symposium on Code Generation and Optimization,CGO,CORE2020,A,No,4612,,
1364,International Symposium on Combinatorial Optimisation,ISCO,CORE2020,C,No,4613,4602,
60,International Symposium on Computational Geometry,SoCG,CORE2020,A,No,4613,,
1369,International Symposium on Computer and Information Sciences,ISCIS,CORE2020,C,No,46,,
1370,International Symposium on Computer Architecture and High Performance Computing,SBAC-PAD,CORE2020,B,No,4606,,
1374,International Symposium on Distributed Computing (was WDAG),DISC,CORE2020,A,No,4606,,
696,International Symposium on Distributed Simulation and Real Time Applications,DS-RT,CORE2020,B,No,4606,4602,4608
1376,International Symposium on Empirical Software Engineering and Measurement,ESEM,CORE2020,A,Yes,4612,,
1378,International Symposium on Experimental Algorithms,SEA,CORE2020,B,No,4613,,
540,International Symposium on Formal Methods (was Formal Methods Europe FME),FM,CORE2020,A,No,4612,,
1380,International Symposium on Foundations of Intelligent Systems,ISMIS,CORE2020,C,No,4602,,
1382,International Symposium on Functional and Logic Programming,FLOPS,CORE2020,National: Japan,No,4613,,
1383,International Symposium on Fundamentals of Computation Theory,FCT,CORE2020,A,No,4613,,
1385,International Symposium on Grids and Clouds (was International Symposium on Grid Computing),ISGC,CORE2020,C,No,4606,,
1386,International Symposium on High Performance Computer Architecture,HPCA,CORE2020,A*,No,4606,,
1387,International Symposium on Information and Communication Technologies,ISICT,CORE2020,C,No,46,,
1388,International Symposium on Information Assurance and Security,IAS,CORE2020,C,No,4604,,
1390,International Symposium on Information Theory and Its Applications,ISITA,CORE2020,B,No,4613,4604,
1391,International Symposium on Innovations in Intelligent Systems and Applications,INISTA,CORE2020,C,No,4602,4601,
1392,International Symposium on Intelligent and Interactive Multimedia: Systems and Services,KES IIMSS,CORE2020,C,No,4603,,
1394,International Symposium on Intelligent Systems and Informatics,SISY,CORE2020,National: serbia,No,4602,,
1395,International Symposium on Latin American Theoretical Informatics,LATIN,CORE2020,B,No,4613,,
1396,"International Symposium on Leveraging Applications of Formal Methods, Verification and Validation",ISoLA,CORE2020,C,No,4612,,
1397,International Symposium on Logic-based Program Synthesis and Transformation,LOPSTR,CORE2020,B,No,4613,4612,
1398,International Symposium on Mathematical Foundations of Computer Science,MFCS,CORE2020,A,Yes,4613,,
1400,International Symposium on Memory Management,ISMM,CORE2020,A,No,4605,4612,
1401,"International Symposium on Modelling and Optimization in Mobile, Ad Hoc, and Wireless Networks",WiOpt,CORE2020,B,No,4606,,
2204,"International Symposium on Networks, Computers and Communications",ISNCC,CORE2020,Unranked,Yes,4606,,
1402,International Symposium on Neural Networks,ISNN,CORE2020,C,No,4611,,
1432,International Symposium on Open Collaboration (was International Symposiums on Wikis),OPENSYM,CORE2020,B,No,4612,,
1405,International Symposium on Parallel and Distributed Computing,ISPDC,CORE2020,C,No,4606,,
1406,"International Symposium on Parallel Architectures, Algorithms and Networks",I-SPAN,CORE2020,B,No,4606,,
1510,International Symposium on Parameterized and Exact Computation (was IWPEC pre 2004),IPEC,CORE2020,B,No,4613,,
1409,International Symposium on Robotics,ISR,CORE2020,A,No,4602,4603,
1410,International Symposium on Robotics Research,ISRR,CORE2020,A,No,4602,,
1411,International Symposium on Software Reliability Engineering,ISSRE,CORE2020,A,Yes,4612,,
1412,International Symposium on Software Testing and Analysis,ISSTA,CORE2020,A,Yes,4612,,
1416,International Symposium on Spatial and Temporal Databases,SSTD,CORE2020,A,Yes,4601,,
1413,International Symposium on Spatial Data Handling,SDH,CORE2020,C,No,4601,,
1415,International Symposium on Spatial Data Quality,ISSDQ,CORE2020,C,No,4601,,
1418,International Symposium on String Processing and Information Retrieval,SPIRE,CORE2020,B,Yes,4605,,
1420,International Symposium on Symbolic and Algebraic Computation,ISSAC,CORE2020,A*,No,4613,,
1421,International Symposium on Symbolic and Numeric Algorithms for Scientific Computing,SYNASC,CORE2020,National: romania,No,4613,,
1423,International Symposium on Technology and Society,ISTAS,CORE2020,C,No,46,,
1424,International Symposium on Temporal Representation and Reasoning,TIME,CORE2020,B,Yes,4602,,
1425,International Symposium on the Mathematical Theory of Networks and Systems,MTNS,CORE2020,C,No,4606,,
1426,International Symposium on Theoretical Aspects of Computer Science,STACS,CORE2020,A,Yes,4613,,
1427,International Symposium on Theoretical Aspects of Software Engineering,TASE,CORE2020,National: China,No,4612,,
1539,International Symposium on Ubiquitous Virtual Reality,ISUVR,CORE2020,National: S. Korea,No,4607,,
1429,International Symposium on Visual Computing,ISVC,CORE2020,National: USA,No,4607,4603,
269,International Telecommunication Networks and Applications Conference (was Australian Telecommunication Networks and Applications Conference),ITNAC,CORE2020,Australasian C,Yes,4606,,
2214,International Teletraffic Congress,ITC,CORE2020,Unranked,Yes,4606,,
1436,International Visualization in Transportation Symposium,TRB,CORE2020,National: USA,No,4608,,
1439,International Wordnet Conference (Global Wordnet Conference),GWC,CORE2020,C,No,4605,4602,
1440,International Work-Conference on Artificial and Natural Neural Networks,IWANN,CORE2020,National: Spain,No,4611,,
2183,International Work-conference on the Interplay between Natural and Artificial Computation,IWINAC,CORE2020,National:Spain,Yes,4602,,
1446,International Workshop on Agents and Data Mining Interaction,ADMI,CORE2020,B,No,4602,4605,
1448,International Workshop on Algorithms and Computation,WALCOM,CORE2020,C,No,4613,,
1451,International Workshop on Approximation Algorithms for Combinatorial Optimization Problems,APPROX,CORE2020,A,Yes,4613,,
1457,International Workshop on Coding and Cryptography,WCC,CORE2020,B,No,4604,,
1458,International Workshop on Combinations of Intelligent Methods and Applications,CIMA,CORE2020,C,No,4602,4611,4603
1459,International Workshop on Combinatorial Algorithm,IWOCA,CORE2020,B,No,4613,,
1460,International Workshop on Combinatorial Image Analysis: Theory and Applications,IWCIA,CORE2020,C,No,4603,,
2160,"International Workshop on Coordination, Organizations, Institutions, Norms and Ethics for Governance of Multi-Agent Systems (Ethics added 2020)",COINE,CORE2020,B,Yes,4602,,
1463,International Workshop on Critical Information Infrastructures Security,CRITIS,CORE2020,C,No,4604,,
1464,International Workshop on Data Warehousing and OLAP,DOLAP,CORE2020,B,No,4605,,
1465,International Workshop on Developments in Computational Models,DCM,CORE2020,C,No,4613,,
1466,International Workshop on Digital Watermarking,IWDW,CORE2020,C,No,4604,,
1998,International Workshop on Document Analysis Systems,DAS,CORE2020,B,Yes,4605,,
1471,International Workshop on Enterprise and Organizational Modelling and Simulation,EOMAS,CORE2020,C,No,4612,,
1475,International Workshop on Fast Software Encryption,FSE,CORE2020,B,Yes,4604,,
1476,International Workshop on Formal Methods for interactive Systems,FMIS,CORE2020,C,No,4612,4608,
1481,International Workshop on Functional and (Constraint) Logic Programming,WFLP,CORE2020,C,No,4612,,
1484,International Workshop on Graph-Theoretic Concepts in Computer Science,WG,CORE2020,A,Yes,4613,,
1486,International workshop on High-Level Parallel Programming and Applications,HLPP,CORE2020,C,No,4606,,
1487,International Workshop on High-Level Parallel Programming Models and Supportive Environments,HIPS,CORE2020,C,No,4606,,
1494,International Workshop on Information Security Applications,WISA,CORE2020,National: korea,No,4604,,
1504,International Workshop on Modelling in Software Engineering,MISE,CORE2020,C,No,4612,,
1506,International Workshop on MultiAgent Based Simulation,MABS,CORE2020,C,No,4602,,
1508,International Workshop on Multimedia Signal Processing,MMSP,CORE2020,B,No,4603,,
1514,International Workshop on Post-Quantum Cryptography,PQCrypto,CORE2020,C,No,4604,,
2009,International Workshop on Principles of Diagnosis,DX ,CORE2020,B,No,4612,4606,
1518,International Workshop on Randomization and Computation,RANDOM,CORE2020,A,No,4613,,
1521,International Workshop on Requirements Engineering: Foundation for Software Quality,REFSQ,CORE2020,B,Yes,4612,,
1525,International Workshop on Security,IWSEC,CORE2020,National: Japan,No,4604,,
1528,International Workshop on Soft Computing Applications,SOFA,CORE2020,National: Romania,No,08,,
1529,International Workshop on Software and Compilers for Embedded Systems,SCOPES,CORE2020,A,No,4606,,
1536,International Workshop on the Algorithmic Foundations of Robotics,WAFR,CORE2020,C,No,4602,,
1538,International Workshop on the Web and Databases,WebDB,CORE2020,National: USA,No,4605,,
1540,International Workshop on Visualization for Cyber Security,VizSec,CORE2020,C,No,4604,,
1541,International Workshop on Web and Wireless Geographical Information Systems,W2GIS,CORE2020,C,No,4601,,
1546,International Workshops on Enabling Technologies: Infrastructures for Collaborative Enterprises,WETICE,CORE2020,B,No,4606,4608,
1548,International World Wide Web Conference,WWW,CORE2020,A*,Yes,4606,4605,
1551,Internet Measurement Conference,IMC,CORE2020,A,No,4606,,
494,Interspeech (combined EuroSpeech and ICSLP in 2000),Interspeech,CORE2020,A,No,4602,,
1340,ISC High Performance (was International Supercomputing Conference),ISC,CORE2020,C,No,4606,,
1556,ISCA International Conference on Computer Applications in Industry and Engineering,CAINE,CORE2020,C,No,4601,,
1218,Joint Conference of the International Workshop on Software Measurement and the International Conference on Software Process and Product Measurement (IWSM and Mensura combined from 2007),IWSM Mensura,CORE2020,C,No,4612,,
958,"Joint Conference on Computer Vision, Imaging and Computer Graphics Theory and Applications (GRAPP and VISAPP combined from 2008)",VISIGRAPP,CORE2020,B,Yes,4603,,
1579,KES International Symposium on Intelligent Decision Technologies,KES IDT,CORE2020,C,No,4602,,
1582,Knowledge capture,K-CAP,CORE2020,A,No,4605,4602,
1584,Knowledge Domain Visualisation,KDViz,CORE2020,National: UK,No,4608,,
1586,Knowledge Visualization and Visual Thinking,KV,CORE2020,C,No,4608,,
2092,Language Resources and Evaluation Conference,LREC,CORE2020,C,No,4602,,
1596,Logic Programming and Automated Reasoning,LPAR,CORE2020,A,No,4613,4602,
1597,Logical Foundations of Computer Science,LFCS,CORE2020,National: USA,No,4613,,
1598,"Logics in Artificial Intelligence, European Conference",JELIA,CORE2020,A,No,4613,4602,
1599,Machine Translation Summit,MT SUMMIT,CORE2020,B,No,4602,,
1600,Machine Vision Applications,MVA,CORE2020,National: japan,No,4603,,
1834,"Machines, Computations and Universality (was Universal Machines and Computations)",MCU,CORE2020,B,No,4613,,
1601,MACIS: International Conference of Mathematical Aspects of Computer and Information Sciences,MACIS,CORE2020,C,No,4613,,
2097,Malaysia International Conference on Communications ,MICC,CORE2020,Regional,No,4606,,
1605,Mathematics of Program Construction,MPC,CORE2020,B,No,4613,,
39,Measurement and Modeling of Computer Systems,SIGMETRICS,CORE2020,A*,No,4612,,
1607,Medical Image Computing and Computer-Assisted Intervention,MICCAI,CORE2020,A,No,4601,4603,
1618,Modelling and Optimization: Theory and Applications,MOPTA,CORE2020,National: USA,No,4602,,
1629,National Conference of the American Association for Artificial Intelligence,AAAI,CORE2020,A*,No,4602,4603,4611
1978,National Conference of The Australian Society for Operations Research,ASOR,CORE2020,Australasian C,Yes,4602,,
1638,Network and Operating System Support for Digital Audio and Video,NOSSDAV,CORE2020,A,No,4606,,
1642,New Security Paradigms Workshop,NSPW,CORE2020,C,No,4604,,
1643,New Zealand Game Developers Conference,NZGDC,CORE2020,Australasian C,No,4607,,
1648,North American Association for Computational Linguistics,NAACL,CORE2020,A,No,4602,,
1653,Onward Software Engineering,Onward,CORE2020,C,No,4612,,
1658,"Pacific Asia Conference on Language, Information and Computation",PACLIC,CORE2020,B,No,4602,,
1660,Pacific Conference on Computer Graphics and Applications,PG,CORE2020,A,No,4607,,
1661,Pacific Rim International Conference on Artificial Intelligence,PRICAI,CORE2020,B,No,4602,,
1662,Pacific Rim International Symposium on Dependable Computing,PRDC,CORE2020,B,No,4612,4606,4604
1664,Pacific Rim Knowledge Acquisition Workshop,PKAW,CORE2020,B,No,4602,4611,4608
1666,Pacific Symposium on Biocomputing,PSB,CORE2020,National: USA,No,4601,,
1667,Pacific-Asia Conference on Knowledge Discovery and Data Mining,PAKDD,CORE2020,A,Yes,4605,,
1669,Pacific-Rim Conference on Multimedia,PCM,CORE2020,C,No,4603,,
1670,Pacific-Rim Symposium on Image and Video Technology,PSIVT,CORE2020,B,No,4603,,
1674,Parallel Computing,PARCO,CORE2020,C,No,4606,,
1676,Parallel Problem Solving from Nature,PPSN,CORE2020,A,No,4611,,
1678,Passive and Active Measurement Conference,PAM,CORE2020,B,No,4606,,
1680,Pattern Languages of Programs,PLOP,CORE2020,B,No,4612,,
1682,Portuguese Conference on Artificial Intelligence,EPIA,CORE2020,Regional,Yes,4602,,
2171,Practical Applications of Agents and Multiagent Systems,PAAMS,CORE2020,C,Yes,4602,4601,
1686,Practical Aspects of Declarative Languages,PADL,CORE2020,B,No,4612,,
1688,Practice and Theory of Automated Timetabling,PATAT,CORE2020,B,No,4601,,
1690,Prague Stringology Conference,PSC,CORE2020,National: Poland,No,4613,,
1691,Principles and Practice of Parallel Programming,PPoPP,CORE2020,A,No,4606,,
1442,Privacy Enhancing Technologies Symposium (was International Workshop of Privacy Enhancing Technologies),PETS,CORE2020,B,No,4604,,
1693,Privacy in Statistical Databases,PSD,CORE2020,C,No,4604,,
1696,Product Focused Software Process Improvement,PROFES,CORE2020,B,Yes,4612,,
1701,Real Time Systems Symposium,RTSS,CORE2020,A*,No,4606,,
1705,Richard Tapia Celebration of Diversity in Computing Conference,Tapia,CORE2020,National: USA,No,46,,
1708,Robot Soccer World Cup,RoboCup,CORE2020,B,No,4602,,
1710,RSA Conference,RSA,CORE2020,B,No,4604,,
138,Selected Areas in Cryptography,SAC,CORE2020,B,Yes,4604,,
2210,Semantics - International Conference on Semantic Systems,Semantics,CORE2020,National: Austria,Yes,4605,,
1723,SGAI International Conference on Artificial Intelligence,SGAI,CORE2020,National: UK,No,4602,,
1724,SIAM Conference on Discrete Mathematics,DM,CORE2020,C,No,4613,,
1726,SIAM Conference on Optimization,OP,CORE2020,C,No,4602,,
1727,SIAM International Conference on Data Mining,SDM,CORE2020,A,No,4605,,
1729,SIGdial Workshop on Discourse and Dialog,SIGdial,CORE2020,C,Yes,4602,,
957,SIGGRAPH Asia,SiggraphA,CORE2020,journal published,Yes,4607,,
1733,Simulation Technology and Training Conference,SimTecT,CORE2020,Australasian C,No,4602,,
1736,SKLOIS Conference on Information Security and Cryptology,Inscrypt,CORE2020,National: China,No,4604,,
1737,Smart Card Research and Advanced Application Conference,CARDIS,CORE2020,B,No,4604,,
2136,Software Process Improvement and Capability Determination ,SPICE ,CORE2020,C,Yes,4612,,
1185,"Software Quality, Reliability, and Security (was International Conference on Quality Software, QSIC, that merged with SERE 2015)",QRS,CORE2020,B,No,4612,,
1763,Static Analysis Symposium,SAS,CORE2020,A,Yes,4612,,
1766,Structural and Syntactical Pattern Recognition,SSPR,CORE2020,A,No,4603,,
1768,Summer Computer Simulation Conference,SCSC,CORE2020,B,No,4602,,
1771,Symposium Model Analysis and Simulation of Computer and Telecommunications Systems,MASCOTS,CORE2020,A,No,4606,,
1772,Symposium of Asian Association for Algorithms and Computation,AAAC,CORE2020,C,No,4613,,
1777,Symposium on Advances in DB and Information Systems,ADBIS,CORE2020,B,No,4605,,
1784,Symposium on Geometry Processing,SGP,CORE2020,B,No,4607,,
2033,Symposium on High Performance Chips ,HOTCHIPS (HCS) ,CORE2020,A,No,4606,,
1789,"Symposium on Networked Systems, Design and Implementation",NSDI,CORE2020,National: USA,No,4606,,
1790,Symposium on Parallelism in Algorithms and Architectures,SPAA,CORE2020,A,No,4606,,
1792,Symposium on Reliable Distributed Systems,SRDS,CORE2020,A,No,4606,,
1794,"Symposium on Stabilization, Safety, and Security of Distributed Systems",SSS,CORE2020,C,No,4604,,
2167,Symposium On Usable Privacy and Security,SOUPS,CORE2020,B,Yes,4608,4604,
1798,"Tangible, Embedded, and Embodied Interaction",TEI,CORE2020,A,No,4608,,
1801,Technology of Object-Oriented Languages and Systems,TOOLS,CORE2020,B,No,4612,,
1802,Testbeds and Research Infrastructures for the Development of Networks and Communities,TridentCom,CORE2020,National: China,Yes,4606,,
2197,The International Conference on Future Networks and Communications,FNC,CORE2020,Unranked,Yes,4606,,
2179,The International Conference on Intelligent Environments,IE,CORE2020,C,Yes,46,,
2213,The International Conference on Verification and Evaluation of Computer and Communication Systems ,VECoS,CORE2020,Unranked,Yes,4612,,
1408,"The International Symposium on Research in Attacks, Intrusions and Defenses (was International Symposium on Recent Advances in Intrusion Detection)",RAID,CORE2020,A,Yes,4604,,
2212,The Symposium of Combinatorial Search,SoCS,CORE2020,Unranked,Yes,4602,,
1812,The Theory and Application of Diagrams,DIAGRAMS,CORE2020,B,No,4602,,
1814,Theoretical Aspects of Rationality and Knowledge,TARK,CORE2020,A,No,4613,,
1815,Theory of Cryptography Conference,TCC,CORE2020,A,Yes,4604,4613,
1818,Tools and Algorithms for Construction and Analysis of Systems,TACAS,CORE2020,A,No,4613,,
2144,Unix Symposium on Internet Technologies,USITS,CORE2020,A,No,0805,,
1837,Usable Security and Privacy,USEC,CORE2020,National: USA,No,4604,4608,
1838,Usenix Annual Technical Conference,USENIX,CORE2020,A,No,4606,,
1840,Usenix Network and Distributed System Security Symposium,NDSS,CORE2020,A*,Yes,4604,,
1841,Usenix Security Symposium,USENIX-Security,CORE2020,A*,Yes,4604,,
1842,Usenix Symposium on Operating Systems Design and Implementation,OSDI,CORE2020,A*,No,4606,,
1845,USENIX Workshop on Hot Topics in Operating Systems,HotOS,CORE2020,A,No,4606,,
1847,"Verification, Model Checking and Abstract Interpretation",VMCAI,CORE2020,B,No,4612,,
1851,Visual Analytics,EuroVA,CORE2020,C,No,4608,,
1853,Visual Information Communication and Interaction,VINCI,CORE2020,C,No,4608,,
1856,Visualization In Science and Education,GRC,CORE2020,National: USA,No,4608,,
165,Web and Big Data,APWEB,CORE2020,B,Yes,4605,,
1865,Winter Simulation Conference,WSC,CORE2020,B,No,4602,,
1867,Workshop in Information Security Theory and Practices,WISTP,CORE2020,C,No,4604,,
1870,Workshop on Algorithm Engineering and Experiments,ALENEX,CORE2020,A,No,4613,,
1871,"Workshop on Algorithmic Approaches for Transportation Modelling, Optimization, and Systems",ATMOS,CORE2020,C,No,4613,4601,
1873,Workshop on Algorithms And Models For The Web Graph,WAW,CORE2020,C,No,4613,,
1874,Workshop on Algorithms in Bioinformatics,WABI,CORE2020,B,No,4601,,
1876,Workshop on Analytic Algorithmics and Combinatorics,ANALCO,CORE2020,B,No,4613,,
1878,Workshop on Applications of Graph Theory in Wireless Ad hoc Networks and Sensor Networks,Graph-hoc,CORE2020,C,No,4606,,
1879,Workshop on Approximation and Online Algorithms,WAOA,CORE2020,B,No,4613,,
1891,Workshop on Computational Optimization,WCO,CORE2020,C,No,4613,,
1892,Workshop on Computer Architecture Education,WCAE,CORE2020,National: USA,No,4608,,
1893,Workshop on Constraint Satisfaction for Planning and Scheduling,COPLAS,CORE2020,B,No,4602,,
1894,Workshop on Cryptographic Hardware and Embedded Systems,CHES,CORE2020,A,Yes,4604,,
1900,Workshop on Domain Specific Modelling,DSM,CORE2020,C,No,4612,,
1904,Workshop on Fault Diagnosis and Tolerance in Cryptography,FDTC,CORE2020,C,No,4604,,
1905,Workshop on Formal Techniques for Java-like Programs,FTfJP,CORE2020,C,No,4612,,
1909,Workshop on Job Scheduling Strategies for Parallel Processing,JSSPP,CORE2020,B,No,4606,,
1912,"Workshop on Logic, Language, Information and Computation",WoLLIC,CORE2020,B,No,4613,,
1914,Workshop on Mobile Computing Systems and Applications,HOTMOBILE,CORE2020,National: USA,No,4606,,
1927,Workshop on Programming Languages and Operating Systems,PLOS,CORE2020,B,No,4606,4612,
1936,Workshop on the Arithmetic of Finite Fields,WAIFI,CORE2020,C,No,4613,,
2014,"World Conference on Educational Multimedia, Hypermedia and Telecommunications ",ED-MEDIA ,CORE2020,B,No,4601,,
2181,World Conference on Information Systems and Technologies,WorldCIST,CORE2020,C,Yes,46,,
1943,"World Congress in Computer Science, Computer Engineering, and Applied Computing",WORLDCOMP,CORE2020,National: USA,No,46,,
1948,World Congress on Medical and Health Informatics,MEDINFO,CORE2020,B,No,4601,,
2155,"World Multi-Conference on Systemics, Cybernetics and Informatics",WMSCI,CORE2020,National: USA,No,46,,
